950,Abyssal Sire,Create a Bludgeon (3 Unsireds completes the task)
950,Abyssal Sire,Create a Bludgeon (3 Unsireds completes the task)
950,Abyssal Sire,Create a Bludgeon (3 Unsireds completes the task)
950,Abyssal Sire,Create a Bludgeon (3 Unsireds completes the task)
315,Abyssal Sire,Obtain 1 Unsired
315,Abyssal Sire,Obtain 1 Unsired
315,Abyssal Sire,Obtain 1 Unsired
2100,Abyssal Sire,Obtain an Abyssal Dagger (Abby Demons is okay)
2100,Abyssal Sire,Obtain an Abyssal Dagger (Abby Demons is okay)
75,Abyssal Sire,3 unique people complete the CA: Perfect Sire
4500,Alchemical Hydra,Obtain a Hydra Claw
4500,Alchemical Hydra,Obtain a Hydra Claw
5200,Alchemical Hydra,Create a Dragon Hunter Lance (Claw + Zammy Spear)
5200,Alchemical Hydra,Create a Dragon Hunter Lance (Claw + Zammy Spear)
5200,Alchemical Hydra,Create a Dragon Hunter Lance (Claw + Zammy Spear)
2400,Alchemical Hydra,Create a Brimstone Ring
2400,Alchemical Hydra,Create a Brimstone Ring
100,Alchemical Hydra,2 unique people complete the CA: No Pressure
100,Alchemical Hydra,2 unique people complete the CA: No Pressure
100,Alchemical Hydra,2 unique people complete the CA: No Pressure
1000,Alchemical Hydra,Fill 3 Hydra collection log slots (dupes count)
1000,Alchemical Hydra,Fill 3 Hydra collection log slots (dupes count)
1000,Alchemical Hydra,Fill 3 Hydra collection log slots (dupes count)
1000,Alchemical Hydra,Fill 3 Hydra collection log slots (dupes count)
1000,Alchemical Hydra,Fill 3 Hydra collection log slots (dupes count)
2350,Alchemical Hydra,Obtain Hydra Leather
2350,Alchemical Hydra,Obtain Hydra Leather
2350,Alchemical Hydra,Obtain Hydra Leather
2350,Alchemical Hydra,Obtain Hydra Leather
2350,Alchemical Hydra,Obtain Hydra Leather
550,Alchemical Hydra,Obtain Light Mystic Top + Bottom
550,Alchemical Hydra,Obtain Light Mystic Top + Bottom
550,Alchemical Hydra,Obtain Light Mystic Top + Bottom
190,Amoxliatl,Obtain Glacial Temotli
190,Amoxliatl,Obtain Glacial Temotli
190,Amoxliatl,Obtain Glacial Temotli
600,Amoxliatl,Obtain 3 Glacial Temotlis
50,Amoxliatl,2 unique people complete the CA: Amoxliatl Speed-Chaser
50,Amoxliatl,2 unique people complete the CA: Amoxliatl Speed-Chaser
2150,Araxxor,Obtain Araxyte Fang
2150,Araxxor,Obtain Araxyte Fang
2150,Araxxor,Obtain Araxyte Fang
2200,Araxxor,Create a Noxious Halberd
2200,Araxxor,Create a Noxious Halberd
750,Araxxor,Obtain 1 piece of the Noxious Halberd
750,Araxxor,Obtain 1 piece of the Noxious Halberd
750,Araxxor,Obtain 1 piece of the Noxious Halberd
750,Araxxor,Obtain 1 piece of the Noxious Halberd
750,Araxxor,Obtain 1 piece of the Noxious Halberd
750,Araxxor,Obtain 1 piece of the Noxious Halberd
750,Araxxor,Obtain 1 piece of the Noxious Halberd
750,Araxxor,Obtain 1 piece of the Noxious Halberd
750,Araxxor,Obtain 1 piece of the Noxious Halberd
750,Araxxor,Obtain 1 piece of the Noxious Halberd
750,Araxxor,Obtain 1 piece of the Noxious Halberd
750,Araxxor,Obtain 1 piece of the Noxious Halberd
900,Araxxor,Obtain an Araxyte Head
225,Araxxor,2 Unique people complete the CA: Perfect Araxxor 2
225,Araxxor,2 Unique people complete the CA: Perfect Araxxor 2
125,Araxxor,2 Unique people complete the CA: Arachnid Lover
125,Araxxor,2 Unique people complete the CA: Arachnid Lover
450,Barrows,Obtain 5 Barrows Pieces (dupes count)
450,Barrows,Obtain 5 Barrows Pieces (dupes count)
1666,Barrows,Complete 1 full Barrows set
910,Barrows,Obtain 10 Barrows Pieces (dupes count)
910,Barrows,Obtain 10 Barrows Pieces (dupes count)
270,Barrows,Obtain 3 Barrows Pieces
270,Barrows,Obtain 3 Barrows Pieces
270,Barrows,Obtain 3 Barrows Pieces
270,Barrows,Obtain 3 Barrows Pieces
6000,Barrows,Complete the entire Barrows Log
1600,Callisto/Artio,Obtain Claws of Callisto
1600,Callisto/Artio,Obtain Claws of Callisto
2400,Callisto/Artio,Obtain Voidwaker Hilt
2400,Callisto/Artio,Obtain Voidwaker Hilt
2400,Callisto/Artio,Obtain Voidwaker Hilt
2400,Callisto/Artio,Obtain Voidwaker Hilt
1000,Callisto/Artio,Obtain a Dragon Pickaxe and Dragon 2h Sword
1000,Callisto/Artio,Obtain a Dragon Pickaxe and Dragon 2h Sword
1000,Callisto/Artio,Obtain a Dragon Pickaxe and Dragon 2h Sword
1000,Callisto/Artio,Obtain a Dragon Pickaxe and Dragon 2h Sword
1000,Callisto/Artio,Obtain a Dragon Pickaxe and Dragon 2h Sword
1000,Callisto/Artio,Obtain 5 collection log slots from Callisto (dupes count)
1000,Callisto/Artio,Obtain 5 collection log slots from Callisto (dupes count)
1000,Callisto/Artio,Obtain 5 collection log slots from Callisto (dupes count)
1000,Callisto/Artio,Obtain 5 collection log slots from Callisto (dupes count)
1000,Callisto/Artio,Obtain 5 collection log slots from Callisto (dupes count)
1000,Callisto/Artio,Obtain 5 collection log slots from Callisto (dupes count)
900,Callisto/Artio,Obtain a Dragon Pickaxe
900,Callisto/Artio,Obtain a Dragon Pickaxe
900,Callisto/Artio,Obtain a Dragon Pickaxe
900,Callisto/Artio,Obtain a Dragon Pickaxe
900,Callisto/Artio,Obtain a Dragon Pickaxe
900,Callisto/Artio,Obtain a Dragon Pickaxe
1900,Callisto/Artio,Obtain a Tyrannical Ring
1900,Callisto/Artio,Obtain a Tyrannical Ring
250,Cerberus,Obtain any Crystal or a Smouldering Stone
250,Cerberus,Obtain any Crystal or a Smouldering Stone
250,Cerberus,Obtain any Crystal or a Smouldering Stone
250,Cerberus,Obtain any Crystal or a Smouldering Stone
250,Cerberus,Obtain any Crystal or a Smouldering Stone
250,Cerberus,Obtain any Crystal or a Smouldering Stone
250,Cerberus,Obtain any Crystal or a Smouldering Stone
250,Cerberus,Obtain any Crystal or a Smouldering Stone
250,Cerberus,Obtain any Crystal or a Smouldering Stone
250,Cerberus,Obtain any Crystal or a Smouldering Stone
250,Cerberus,Obtain any Crystal or a Smouldering Stone
250,Cerberus,Obtain any Crystal or a Smouldering Stone
250,Cerberus,Obtain any Crystal or a Smouldering Stone
250,Cerberus,Obtain any Crystal or a Smouldering Stone
250,Cerberus,Obtain any Crystal or a Smouldering Stone
250,Cerberus,Obtain any Crystal or a Smouldering Stone
1300,Cerberus,Obtain Every Crystal (Smouldering Stone can count for 1 of them)
1300,Cerberus,Obtain Every Crystal (Smouldering Stone can count for 1 of them)
1300,Cerberus,Obtain Every Crystal (Smouldering Stone can count for 1 of them)
1300,Cerberus,Obtain Every Crystal (Smouldering Stone can count for 1 of them)
650,Cerberus,Obtain 3 different collection log slots (tele scroll counts)
650,Cerberus,Obtain 3 different collection log slots (tele scroll counts)
650,Cerberus,Obtain 3 different collection log slots (tele scroll counts)
650,Cerberus,Obtain 3 different collection log slots (tele scroll counts)
650,Cerberus,Obtain 3 different collection log slots (tele scroll counts)
250,Cerberus,Obtain 2 different collection log slots (tele scroll counts)
250,Cerberus,Obtain 2 different collection log slots (tele scroll counts)
250,Cerberus,Obtain 2 different collection log slots (tele scroll counts)
250,Cerberus,Obtain 2 different collection log slots (tele scroll counts)
250,Cerberus,Obtain 2 different collection log slots (tele scroll counts)
250,Cerberus,Obtain 2 different collection log slots (tele scroll counts)
2530,Cerberus,Obtain 2 of one Crystal (Smouldering Stone does not count)
2530,Cerberus,Obtain 2 of one Crystal (Smouldering Stone does not count)
2530,Cerberus,Obtain 2 of one Crystal (Smouldering Stone does not count)
2530,Cerberus,Obtain 2 of one Crystal (Smouldering Stone does not count)
2300,Commander Zilyana,Obtain a Hilt or Crossbow
2300,Commander Zilyana,Obtain a Hilt or Crossbow
3500,Commander Zilyana,Create the SGS from scratch (can get shards from any GWD Boss)
3500,Commander Zilyana,Create the SGS from scratch (can get shards from any GWD Boss)
777,Commander Zilyana,Obtain a Saradomin Sword or Saradomin's Light
777,Commander Zilyana,Obtain a Saradomin Sword or Saradomin's Light
777,Commander Zilyana,Obtain a Saradomin Sword or Saradomin's Light
230,Commander Zilyana,Obtain 1 collection log slot
230,Commander Zilyana,Obtain 1 collection log slot
230,Commander Zilyana,Obtain 1 collection log slot
230,Commander Zilyana,Obtain 1 collection log slot
230,Commander Zilyana,Obtain 1 collection log slot
230,Commander Zilyana,Obtain 1 collection log slot
460,Commander Zilyana,Obtain 2 collection log slots (dupes count)(shards must be from boss)
460,Commander Zilyana,Obtain 2 collection log slots (dupes count)(shards must be from boss)
460,Commander Zilyana,Obtain 2 collection log slots (dupes count)(shards must be from boss)
693,Commander Zilyana,Obtain 3 collection log slots (dupes count)(shards must be from boss)
693,Commander Zilyana,Obtain 3 collection log slots (dupes count)(shards must be from boss)
693,Commander Zilyana,Obtain 3 collection log slots (dupes count)(shards must be from boss)
693,Commander Zilyana,Obtain 3 collection log slots (dupes count)(shards must be from boss)
930,Commander Zilyana,Obtain 4 collection log slots (dupes count)(shards must be from boss)
930,Commander Zilyana,Obtain 4 collection log slots (dupes count)(shards must be from boss)
8000,Coporeal Beast,Obtain any Sigil
8300,Coporeal Beast,Create any Sigil from scratch
1800,Coporeal Beast,Obtain a Spirit Shield or Holy Elixir
1800,Coporeal Beast,Obtain a Spirit Shield or Holy Elixir
450,Coporeal Beast,Obtain Onyx Bolts
450,Coporeal Beast,Obtain Onyx Bolts
450,Coporeal Beast,Obtain Onyx Bolts
450,Coporeal Beast,Obtain Onyx Bolts
630,Coporeal Beast,Obtain 1 collection log slot
630,Coporeal Beast,Obtain 1 collection log slot
1250,Coporeal Beast,Obtain 2 collection log slots (dupes count)
1870,Coporeal Beast,Obtain 3 collection log slots (dupes count)
1870,Coporeal Beast,Obtain 3 collection log slots (dupes count)
1870,Coporeal Beast,Obtain 3 collection log slots (dupes count)
6969,COX,Obtain a Twisted Kit or Metamorphic Dust
1111,COX,Obtain a purple from COX
1111,COX,Obtain a purple from COX
1111,COX,Obtain a purple from COX
1111,COX,Obtain a purple from COX
1111,COX,Obtain a purple from COX
1111,COX,Obtain a purple from COX
1111,COX,Obtain a purple from COX
1111,COX,Obtain a purple from COX
1111,COX,Obtain a purple from COX
1111,COX,Obtain a purple from COX
1111,COX,Obtain a purple from COX
1111,COX,Obtain a purple from COX
1111,COX,Obtain a purple from COX
1111,COX,Obtain a purple from COX
1111,COX,Obtain a purple from COX
1111,COX,Obtain a purple from COX
1111,COX,Obtain a purple from COX
1111,COX,Obtain a purple from COX
1111,COX,Obtain a purple from COX
1111,COX,Obtain a purple from COX
1111,COX,Obtain a purple from COX
1111,COX,Obtain a purple from COX
3400,COX,Obtain 3 purples from COX
3400,COX,Obtain 3 purples from COX
3400,COX,Obtain 3 purples from COX
3400,COX,Obtain 3 purples from COX
3400,COX,Obtain 3 purples from COX
3400,COX,Obtain 3 purples from COX
3400,COX,Obtain 3 purples from COX
3400,COX,Obtain 3 purples from COX
3400,COX,Obtain 3 purples from COX
3400,COX,Obtain 3 purples from COX
3400,COX,Obtain 3 purples from COX
3400,COX,Obtain 3 purples from COX
3400,COX,Obtain 3 purples from COX
3400,COX,Obtain 3 purples from COX
3400,COX,Obtain 3 purples from COX
3400,COX,Obtain 3 purples from COX
3400,COX,Obtain 3 purples from COX
3400,COX,Obtain 3 purples from COX
3400,COX,Obtain 3 purples from COX
3400,COX,Obtain 3 purples from COX
2000,COX,Obtain 1 scroll from COX
2000,COX,Obtain 1 scroll from COX
2000,COX,Obtain 1 scroll from COX
2000,COX,Obtain 1 scroll from COX
2000,COX,Obtain 1 scroll from COX
2000,COX,Obtain 1 scroll from COX
2000,COX,Obtain 1 scroll from COX
2000,COX,Obtain 1 scroll from COX
2000,COX,Obtain 1 scroll from COX
2000,COX,Obtain 1 scroll from COX
2000,COX,Obtain 1 scroll from COX
2000,COX,Obtain 1 scroll from COX
2000,COX,Obtain 1 scroll from COX
2000,COX,Obtain 1 scroll from COX
2000,COX,Obtain 1 scroll from COX
2000,COX,Obtain 1 scroll from COX
2000,COX,Obtain 1 scroll from COX
2000,COX,Obtain 1 scroll from COX
2000,COX,Obtain 1 scroll from COX
2500,COX,Obtain any purple other than a scroll
2500,COX,Obtain any purple other than a scroll
2500,COX,Obtain any purple other than a scroll
2500,COX,Obtain any purple other than a scroll
2500,COX,Obtain any purple other than a scroll
2500,COX,Obtain any purple other than a scroll
2500,COX,Obtain any purple other than a scroll
8550,COX,Obtain a piece of Ancestral Armor
8550,COX,Obtain a piece of Ancestral Armor
8550,COX,Obtain a piece of Ancestral Armor
8550,COX,Obtain a piece of Ancestral Armor
8550,COX,Obtain a piece of Ancestral Armor
13450,COX,Obtain a megarare or 10 purples
13450,COX,Obtain a megarare or 10 purples
13450,COX,Obtain a megarare or 10 purples
13450,COX,Obtain a megarare or 10 purples
100,COX,Complete a trio in less than 16:00
180,COX,Complete a trio in less than 14:00
180,COX,Complete a trio in less than 14:00
180,COX,Complete a trio in less than 14:00
275,COX,Complete a trio in less than 13:00
175,COX,Complete a 5-scale in less than 13:30
175,COX,Complete a 5-scale in less than 13:30
250,COX,Complete a 5-scale in less than 12:30
250,COX,Complete a 5-scale in less than 12:30
550,COX,Complete a 5-scale in less than 11:00
130,COX,Complete a trio CM in less than 30:00
130,COX,Complete a trio CM in less than 30:00
130,COX,Complete a trio CM in less than 30:00
180,COX,Complete a trio CM in less than 27:00
180,COX,Complete a trio CM in less than 27:00
300,COX,Complete a trio CM in less than 24:00
500,COX,Complete a 5-scale CM in less than 22:00
350,COX,Complete a 5-scale CM in less than 24:00
350,COX,Complete a 5-scale CM in less than 24:00
180,COX,Complete a 5-scale CM in less than 26:00
5555,COX,Obtain 5 purples from COX
5555,COX,Obtain 5 purples from COX
5555,COX,Obtain 5 purples from COX
5555,COX,Obtain 5 purples from COX
5555,COX,Obtain 5 purples from COX
5555,COX,Obtain 5 purples from COX
5555,COX,Obtain 5 purples from COX
2775,COX,Obtain 1 prayer scoll and 1 non-prayer scroll item
2775,COX,Obtain 1 prayer scoll and 1 non-prayer scroll item
2775,COX,Obtain 1 prayer scoll and 1 non-prayer scroll item
2775,COX,Obtain 1 prayer scoll and 1 non-prayer scroll item
2775,COX,Obtain 1 prayer scoll and 1 non-prayer scroll item
2775,COX,Obtain 1 prayer scoll and 1 non-prayer scroll item
2775,COX,Obtain 1 prayer scoll and 1 non-prayer scroll item
2775,COX,Obtain 1 prayer scoll and 1 non-prayer scroll item
13450,COX,Obtain a megarare or 10 purples
13450,COX,Obtain a megarare or 10 purples
200,Dagannoth Kings,"Obtain a Berserker Ring, Warrior Ring, Seers Ring, and Archers Ring"
200,Dagannoth Kings,"Obtain a Berserker Ring, Warrior Ring, Seers Ring, and Archers Ring"
200,Dagannoth Kings,"Obtain a Berserker Ring, Warrior Ring, Seers Ring, and Archers Ring"
200,Dagannoth Kings,"Obtain a Berserker Ring, Warrior Ring, Seers Ring, and Archers Ring"
200,Dagannoth Kings,"Obtain a Berserker Ring, Warrior Ring, Seers Ring, and Archers Ring"
200,Dagannoth Kings,"Obtain a Berserker Ring, Warrior Ring, Seers Ring, and Archers Ring"
50,Dagannoth Kings,"Obtain only 1 of the following: Berserker Ring, Warrior Ring, Seers Ring, and Archers Ring"
50,Dagannoth Kings,"Obtain only 1 of the following: Berserker Ring, Warrior Ring, Seers Ring, and Archers Ring"
50,Dagannoth Kings,"Obtain only 1 of the following: Berserker Ring, Warrior Ring, Seers Ring, and Archers Ring"
135,Dagannoth Kings,"Obtain 2 of the following: Berserker Ring, Warrior Ring, Seers Ring, and Archers Ring"
135,Dagannoth Kings,"Obtain 2 of the following: Berserker Ring, Warrior Ring, Seers Ring, and Archers Ring"
135,Dagannoth Kings,"Obtain 2 of the following: Berserker Ring, Warrior Ring, Seers Ring, and Archers Ring"
135,Dagannoth Kings,"Obtain 2 of the following: Berserker Ring, Warrior Ring, Seers Ring, and Archers Ring"
135,Dagannoth Kings,"Obtain 2 of the following: Berserker Ring, Warrior Ring, Seers Ring, and Archers Ring"
170,Dagannoth Kings,Obtain a Berserker Ring
170,Dagannoth Kings,Obtain a Berserker Ring
170,Dagannoth Kings,Obtain a Berserker Ring
170,Dagannoth Kings,Obtain a Berserker Ring
170,Dagannoth Kings,Obtain a Berserker Ring
3100,Doom,Obtain a Mokhaiotl Cloth
3100,Doom,Obtain a Mokhaiotl Cloth
3100,Doom,Obtain a Mokhaiotl Cloth
3100,Doom,Obtain a Mokhaiotl Cloth
3280,Doom,Obtain a Eye of Ayak
3280,Doom,Obtain a Eye of Ayak
3280,Doom,Obtain a Eye of Ayak
3550,Doom,Obtain Avernic Treads
3550,Doom,Obtain Avernic Treads
3550,Doom,Obtain Avernic Treads
1111,Doom,See a Glow Hole
1111,Doom,See a Glow Hole
1111,Doom,See a Glow Hole
1111,Doom,See a Glow Hole
1111,Doom,See a Glow Hole
1111,Doom,See a Glow Hole
1111,Doom,See a Glow Hole
1111,Doom,See a Glow Hole
1111,Doom,See a Glow Hole
1111,Doom,See a Glow Hole
1111,Doom,See a Glow Hole
1111,Doom,See a Glow Hole
525,Doom,1 person completes the CA: Perfect Doom
415,Doom,2 people complete delve 15
415,Doom,2 people complete delve 15
600,Doom,1 person completes delve 25
319,Doom,3 people complete the CA: The Praying Mantis
319,Doom,3 people complete the CA: The Praying Mantis
475,Doom,1 person completes the CA: Duel of Mokhaiotl
475,Doom,1 person completes the CA: Duel of Mokhaiotl
1050,Doom,2 people complete the CA: Duel of Mokhaiotl
205,Doom,2 people complete the CA: The Praying Mantis
7450,Doom,"Obtain a Mokhaiotl Cloth, Eye of Ayak, and Avernic Treads"
7450,Doom,"Obtain a Mokhaiotl Cloth, Eye of Ayak, and Avernic Treads"
4300,DT2,Obtain all four quartz from DT2 bosses
4300,DT2,Obtain all four quartz from DT2 bosses
4300,DT2,Obtain all four quartz from DT2 bosses
4300,DT2,Obtain all four quartz from DT2 bosses
4300,DT2,Obtain all four quartz from DT2 bosses
4300,DT2,Obtain all four quartz from DT2 bosses
4300,DT2,Obtain all four quartz from DT2 bosses
4300,DT2,Obtain all four quartz from DT2 bosses
1200,DT2,Create a Ice Ancient Sceptre from scratch
1200,DT2,Create a Ice Ancient Sceptre from scratch
1200,DT2,Create a Ice Ancient Sceptre from scratch
1200,DT2,Create a Ice Ancient Sceptre from scratch
1400,DT2,Create a Shadow Ancient Sceptre from scratch
1400,DT2,Create a Shadow Ancient Sceptre from scratch
1400,DT2,Create a Shadow Ancient Sceptre from scratch
1400,DT2,Create a Shadow Ancient Sceptre from scratch
1400,DT2,Create a Shadow Ancient Sceptre from scratch
1200,DT2,Create a Smoke Ancient Sceptre from scratch
1200,DT2,Create a Smoke Ancient Sceptre from scratch
1200,DT2,Create a Smoke Ancient Sceptre from scratch
1200,DT2,Create a Smoke Ancient Sceptre from scratch
1200,DT2,Create a Smoke Ancient Sceptre from scratch
1200,DT2,Create a Smoke Ancient Sceptre from scratch
930,DT2,Create a Blood Ancient Sceptre from scratch
930,DT2,Create a Blood Ancient Sceptre from scratch
930,DT2,Create a Blood Ancient Sceptre from scratch
930,DT2,Create a Blood Ancient Sceptre from scratch
930,DT2,Create a Blood Ancient Sceptre from scratch
930,DT2,Create a Blood Ancient Sceptre from scratch
930,DT2,Create a Blood Ancient Sceptre from scratch
930,DT2,Create a Blood Ancient Sceptre from scratch
100,DT2,Defeat 2 Awakened bosses (1 person per boss)
100,DT2,Defeat 2 Awakened bosses (1 person per boss)
100,DT2,Defeat 2 Awakened bosses (1 person per boss)
100,DT2,Defeat 2 Awakened bosses (1 person per boss)
100,DT2,Defeat 2 Awakened bosses (1 person per boss)
3000,DT2,Obtain a piece of Virtus
3000,DT2,Obtain a piece of Virtus
3000,DT2,Obtain a piece of Virtus
3000,DT2,Obtain a piece of Virtus
3000,DT2,Obtain a piece of Virtus
3000,DT2,Obtain a piece of Virtus
4375,DT2,Obtain 3 Chromium Ingots
4375,DT2,Obtain 3 Chromium Ingots
4375,DT2,Obtain 3 Chromium Ingots
4375,DT2,Obtain 3 Chromium Ingots
4375,DT2,Obtain 3 Chromium Ingots
4375,DT2,Obtain 3 Chromium Ingots
1450,DT2,Obtain a Chromium Ingot
1450,DT2,Obtain a Chromium Ingot
1450,DT2,Obtain a Chromium Ingot
1450,DT2,Obtain a Chromium Ingot
1450,DT2,Obtain a Chromium Ingot
1450,DT2,Obtain a Chromium Ingot
1450,DT2,Obtain a Chromium Ingot
1450,DT2,Obtain a Chromium Ingot
4500,DT2,Create any ring from scratch
4500,DT2,Create any ring from scratch
4500,DT2,Create any ring from scratch
4500,DT2,Create any ring from scratch
4500,DT2,Create any ring from scratch
4500,DT2,Create any ring from scratch
4500,DT2,Create any ring from scratch
4500,DT2,Create any ring from scratch
4500,DT2,Create any ring from scratch
1600,DT2,Obtain 5 Awakener's Orbs
1600,DT2,Obtain 5 Awakener's Orbs
967,DT2,Obtain 3 Awakener's Orbs
967,DT2,Obtain 3 Awakener's Orbs
967,DT2,Obtain 3 Awakener's Orbs
4400,DT2,Obtain 1 Soulreaper Axe piece
4400,DT2,Obtain 1 Soulreaper Axe piece
4400,DT2,Obtain 1 Soulreaper Axe piece
4400,DT2,Obtain 1 Soulreaper Axe piece
14600,DT2,Complete a Soulreaper Axe
250,Fortis Colosseum,Complete the Fortis Colosseum 5 times
250,Fortis Colosseum,Complete the Fortis Colosseum 5 times
250,Fortis Colosseum,Complete the Fortis Colosseum 5 times
425,Fortis Colosseum,3 unique people complete the Colosseum with three different modifiers at tier 3 upon completion 3 times
425,Fortis Colosseum,3 unique people complete the Colosseum with three different modifiers at tier 3 upon completion 3 times
425,Fortis Colosseum,3 unique people complete the Colosseum with three different modifiers at tier 3 upon completion 3 times
425,Fortis Colosseum,3 unique people complete the Colosseum with three different modifiers at tier 3 upon completion 3 times
425,Fortis Colosseum,3 unique people complete the Colosseum with three different modifiers at tier 3 upon completion 3 times
425,Fortis Colosseum,3 unique people complete the Colosseum with three different modifiers at tier 3 upon completion 3 times
150,Fortis Colosseum,Beat the Fortis Colosseum 3 times
150,Fortis Colosseum,Beat the Fortis Colosseum 3 times
150,Fortis Colosseum,Beat the Fortis Colosseum 3 times
275,Fortis Colosseum,"Complete the CA ""Slow Dancing in the Sand"""
275,Fortis Colosseum,"Complete the CA ""Slow Dancing in the Sand"""
275,Fortis Colosseum,"Complete the CA ""Slow Dancing in the Sand"""
275,Fortis Colosseum,"Complete the CA ""I Brought Mine Too"""
275,Fortis Colosseum,"Complete the CA ""I Brought Mine Too"""
275,Fortis Colosseum,"Complete the CA ""I Brought Mine Too"""
275,Fortis Colosseum,"Complete the CA ""I Brought Mine Too"""
125,Fortis Colosseum,Have a team member without a Fortis Colosseum KC kill a minotaur (beat wave 7)
125,Fortis Colosseum,Have a team member without a Fortis Colosseum KC kill a minotaur (beat wave 7)
125,Fortis Colosseum,Have a team member without a Fortis Colosseum KC kill a minotaur (beat wave 7)
125,Fortis Colosseum,Have a team member without a Fortis Colosseum KC kill a minotaur (beat wave 7)
125,Fortis Colosseum,Have a team member without a Fortis Colosseum KC kill a minotaur (beat wave 7)
715,Fortis Colosseum,Obtain a piece of sunfire armor
715,Fortis Colosseum,Obtain a piece of sunfire armor
715,Fortis Colosseum,Obtain a piece of sunfire armor
715,Fortis Colosseum,Obtain a piece of sunfire armor
715,Fortis Colosseum,Obtain a piece of sunfire armor
715,Fortis Colosseum,Obtain a piece of sunfire armor
715,Fortis Colosseum,Obtain a piece of sunfire armor
715,Fortis Colosseum,Obtain a piece of sunfire armor
715,Fortis Colosseum,Obtain a piece of sunfire armor
715,Fortis Colosseum,Obtain a piece of sunfire armor
715,Fortis Colosseum,Obtain a piece of sunfire armor
715,Fortis Colosseum,Obtain a piece of sunfire armor
715,Fortis Colosseum,Obtain a piece of sunfire armor
715,Fortis Colosseum,Obtain a piece of sunfire armor
715,Fortis Colosseum,Obtain a piece of sunfire armor
715,Fortis Colosseum,Obtain a piece of sunfire armor
715,Fortis Colosseum,Obtain a piece of sunfire armor
1450,Fortis Colosseum,Obtain 2 pieces of sunfire armor (dupes count)
1450,Fortis Colosseum,Obtain 2 pieces of sunfire armor (dupes count)
1450,Fortis Colosseum,Obtain 2 pieces of sunfire armor (dupes count)
1450,Fortis Colosseum,Obtain 2 pieces of sunfire armor (dupes count)
1450,Fortis Colosseum,Obtain 2 pieces of sunfire armor (dupes count)
1450,Fortis Colosseum,Obtain 2 pieces of sunfire armor (dupes count)
140,Fortis Colosseum,2 unique people complete the Fortis Colosseum in less than 30 minutes
140,Fortis Colosseum,2 unique people complete the Fortis Colosseum in less than 30 minutes
225,Fortis Colosseum,2 unique people complete the Fortis Colosseum in less than 26 minutes
225,Fortis Colosseum,2 unique people complete the Fortis Colosseum in less than 26 minutes
225,Fortis Colosseum,2 unique people complete the Fortis Colosseum in less than 26 minutes
400,Fortis Colosseum,2 unique people complete Fortis Colosseum in less than 23 minutes
400,Fortis Colosseum,2 unique people complete Fortis Colosseum in less than 23 minutes
400,Fortis Colosseum,2 unique people complete Fortis Colosseum in less than 23 minutes
300,Fortis Colosseum,Complete the Fortis Colosseum in less than 22 minutes
300,Fortis Colosseum,Complete the Fortis Colosseum in less than 22 minutes
380,Fortis Colosseum,Complete the Fortis Colosseum in less than 21 minutes
380,Fortis Colosseum,Complete the Fortis Colosseum in less than 21 minutes
5600,Fortis Colosseum,Obtain a Ralos
5600,Fortis Colosseum,Obtain a Ralos
450,General Graardor,Obtain any piece of Bandos Armor
450,General Graardor,Obtain any piece of Bandos Armor
450,General Graardor,Obtain any piece of Bandos Armor
1700,General Graardor,Obtain a full set of Bandos Armor
2250,General Graardor,Create the BGS from scratch (can get shards from any GWD Boss/Minion)
2250,General Graardor,Create the BGS from scratch (can get shards from any GWD Boss/Minion)
2250,General Graardor,Create the BGS from scratch (can get shards from any GWD Boss/Minion)
275,General Graardor,Obtain 1 collection log slot
275,General Graardor,Obtain 1 collection log slot
275,General Graardor,Obtain 1 collection log slot
275,General Graardor,Obtain 1 collection log slot
275,General Graardor,Obtain 1 collection log slot
275,General Graardor,Obtain 1 collection log slot
275,General Graardor,Obtain 1 collection log slot
275,General Graardor,Obtain 1 collection log slot
275,General Graardor,Obtain 1 collection log slot
575,General Graardor,Obtain 2 collection log slots (dupes count)(shards must be from boss)
575,General Graardor,Obtain 2 collection log slots (dupes count)(shards must be from boss)
575,General Graardor,Obtain 2 collection log slots (dupes count)(shards must be from boss)
575,General Graardor,Obtain 2 collection log slots (dupes count)(shards must be from boss)
575,General Graardor,Obtain 2 collection log slots (dupes count)(shards must be from boss)
575,General Graardor,Obtain 2 collection log slots (dupes count)(shards must be from boss)
860,General Graardor,Obtain 3 collection log slots (dupes count)(shards must be from boss)
860,General Graardor,Obtain 3 collection log slots (dupes count)(shards must be from boss)
860,General Graardor,Obtain 3 collection log slots (dupes count)(shards must be from boss)
860,General Graardor,Obtain 3 collection log slots (dupes count)(shards must be from boss)
1200,General Graardor,Obtain 4 collection log slots (dupes count)(shards must be from boss)
1200,General Graardor,Obtain 4 collection log slots (dupes count)(shards must be from boss)
300,General Graardor,3 different people complete the CA: Ourg Killer
300,General Graardor,3 different people complete the CA: Ourg Killer
300,General Graardor,3 different people complete the CA: Ourg Killer
300,General Graardor,3 different people complete the CA: Ourg Killer
300,General Graardor,3 different people complete the CA: Ourg Killer
300,General Graardor,3 different people complete the CA: Ourg Killer
300,General Graardor,3 different people complete the CA: Ourg Killer
2000,Grotesque Guardians,Obtain a Black Tourmaline Core
2000,Grotesque Guardians,Obtain a Black Tourmaline Core
500,Grotesque Guardians,Obtain a Granite Ring or Granite Gloves
500,Grotesque Guardians,Obtain a Granite Ring or Granite Gloves
200,Grotesque Guardians,Obtain 1 collection log slot (dupes count)(granite dust does not count)
200,Grotesque Guardians,Obtain 1 collection log slot (dupes count)(granite dust does not count)
200,Grotesque Guardians,Obtain 1 collection log slot (dupes count)(granite dust does not count)
200,Grotesque Guardians,Obtain 1 collection log slot (dupes count)(granite dust does not count)
400,Grotesque Guardians,Obtain 2 collection log slots (dupes count)(granite dust does not count)
400,Grotesque Guardians,Obtain 2 collection log slots (dupes count)(granite dust does not count)
400,Grotesque Guardians,Obtain 2 collection log slots (dupes count)(granite dust does not count)
630,Grotesque Guardians,Obtain 3 collection log slots (dupes count)(granite dust does not count)
630,Grotesque Guardians,Obtain 3 collection log slots (dupes count)(granite dust does not count)
630,Grotesque Guardians,Obtain 3 collection log slots (dupes count)(granite dust does not count)
630,Grotesque Guardians,Obtain 3 collection log slots (dupes count)(granite dust does not count)
300,Jad,3 unique people complete the fight caves in less than 26:00
300,Jad,3 unique people complete the fight caves in less than 26:00
300,Jad,3 unique people complete the fight caves in less than 26:00
300,Jad,3 unique people complete the fight caves in less than 26:00
300,Jad,3 unique people complete the fight caves in less than 26:00
400,Jad,2 unique people complete the fight caves in less than 25:00
400,Jad,2 unique people complete the fight caves in less than 25:00
400,Jad,2 unique people complete the fight caves in less than 25:00
500,Jad,1 person completes the CA: No Time for a Drink
500,Jad,1 person completes the CA: No Time for a Drink
500,Jad,1 person completes the CA: No Time for a Drink
450,Kraken,3 completions of the CA: One Hundred Tentacles
275,Kraken,Obtain 1 collection log slot (dupes count)
275,Kraken,Obtain 1 collection log slot (dupes count)
550,Kraken,Obtain 2 collection log slots (dupes count)
650,Kraken,Obtain a Kraken Tentacle
650,Kraken,Obtain a Kraken Tentacle
650,Kraken,Obtain a Kraken Tentacle
850,Kraken,Obtain a Trident of the Seas (full)
850,Kraken,Obtain a Trident of the Seas (full)
850,Kraken,Obtain a Trident of the Seas (full)
450,Kree'arra,Obtain any piece of Armadyl Armor
450,Kree'arra,Obtain any piece of Armadyl Armor
450,Kree'arra,Obtain any piece of Armadyl Armor
450,Kree'arra,Obtain any piece of Armadyl Armor
1700,Kree'arra,Obtain a full set of Amadyl Armor
2250,Kree'arra,Create the AGS from scratch (can get shards from any GWD Boss)
2250,Kree'arra,Create the AGS from scratch (can get shards from any GWD Boss)
275,Kree'arra,Obtain 1 collection log slot (shards must be from boss)
275,Kree'arra,Obtain 1 collection log slot (shards must be from boss)
275,Kree'arra,Obtain 1 collection log slot (shards must be from boss)
275,Kree'arra,Obtain 1 collection log slot (shards must be from boss)
275,Kree'arra,Obtain 1 collection log slot (shards must be from boss)
275,Kree'arra,Obtain 1 collection log slot (shards must be from boss)
575,Kree'arra,Obtain 2 collection log slots (dupes count)(shards must be from boss)
575,Kree'arra,Obtain 2 collection log slots (dupes count)(shards must be from boss)
575,Kree'arra,Obtain 2 collection log slots (dupes count)(shards must be from boss)
575,Kree'arra,Obtain 2 collection log slots (dupes count)(shards must be from boss)
860,Kree'arra,Obtain 3 collection log slots (dupes count)(shards must be from boss)
860,Kree'arra,Obtain 3 collection log slots (dupes count)(shards must be from boss)
860,Kree'arra,Obtain 3 collection log slots (dupes count)(shards must be from boss)
1200,Kree'arra,Obtain 4 collection log slots (dupes count)(shards must be from boss)
1200,Kree'arra,Obtain 4 collection log slots (dupes count)(shards must be from boss)
300,K'ril Tsutsaroth,Obtain a Steam Battlestaff or Zamorakian Spear
300,K'ril Tsutsaroth,Obtain a Steam Battlestaff or Zamorakian Spear
300,K'ril Tsutsaroth,Obtain a Steam Battlestaff or Zamorakian Spear
300,K'ril Tsutsaroth,Obtain a Steam Battlestaff or Zamorakian Spear
300,K'ril Tsutsaroth,Obtain a Steam Battlestaff or Zamorakian Spear
300,K'ril Tsutsaroth,Obtain a Steam Battlestaff or Zamorakian Spear
300,K'ril Tsutsaroth,Obtain a Steam Battlestaff or Zamorakian Spear
1125,K'ril Tsutsaroth,Obtain a Zamorak Hilt or Staff of the Dead
1125,K'ril Tsutsaroth,Obtain a Zamorak Hilt or Staff of the Dead
1125,K'ril Tsutsaroth,Obtain a Zamorak Hilt or Staff of the Dead
2500,K'ril Tsutsaroth,Create the ZGS from scratch (can get shards from any GWD Boss)
2500,K'ril Tsutsaroth,Create the ZGS from scratch (can get shards from any GWD Boss)
2500,K'ril Tsutsaroth,Create the ZGS from scratch (can get shards from any GWD Boss)
2500,K'ril Tsutsaroth,Create the ZGS from scratch (can get shards from any GWD Boss)
220,K'ril Tsutsaroth,Obtain 1 collection log slot (shards must be from boss)
220,K'ril Tsutsaroth,Obtain 1 collection log slot (shards must be from boss)
220,K'ril Tsutsaroth,Obtain 1 collection log slot (shards must be from boss)
220,K'ril Tsutsaroth,Obtain 1 collection log slot (shards must be from boss)
220,K'ril Tsutsaroth,Obtain 1 collection log slot (shards must be from boss)
220,K'ril Tsutsaroth,Obtain 1 collection log slot (shards must be from boss)
220,K'ril Tsutsaroth,Obtain 1 collection log slot (shards must be from boss)
220,K'ril Tsutsaroth,Obtain 1 collection log slot (shards must be from boss)
220,K'ril Tsutsaroth,Obtain 1 collection log slot (shards must be from boss)
220,K'ril Tsutsaroth,Obtain 1 collection log slot (shards must be from boss)
220,K'ril Tsutsaroth,Obtain 1 collection log slot (shards must be from boss)
220,K'ril Tsutsaroth,Obtain 1 collection log slot (shards must be from boss)
220,K'ril Tsutsaroth,Obtain 1 collection log slot (shards must be from boss)
450,K'ril Tsutsaroth,Obtain 2 collection log slots (dupes count)(shards must be from boss)
450,K'ril Tsutsaroth,Obtain 2 collection log slots (dupes count)(shards must be from boss)
450,K'ril Tsutsaroth,Obtain 2 collection log slots (dupes count)(shards must be from boss)
450,K'ril Tsutsaroth,Obtain 2 collection log slots (dupes count)(shards must be from boss)
700,K'ril Tsutsaroth,Obtain 3 collection log slots (dupes count)(shards must be from boss)
700,K'ril Tsutsaroth,Obtain 3 collection log slots (dupes count)(shards must be from boss)
700,K'ril Tsutsaroth,Obtain 3 collection log slots (dupes count)(shards must be from boss)
700,K'ril Tsutsaroth,Obtain 3 collection log slots (dupes count)(shards must be from boss)
700,K'ril Tsutsaroth,Obtain 3 collection log slots (dupes count)(shards must be from boss)
1000,K'ril Tsutsaroth,Obtain 4 collection log slots (dupes count)(shards must be from boss)
1000,K'ril Tsutsaroth,Obtain 4 collection log slots (dupes count)(shards must be from boss)
1000,K'ril Tsutsaroth,Obtain 4 collection log slots (dupes count)(shards must be from boss)
1000,K'ril Tsutsaroth,Obtain 4 collection log slots (dupes count)(shards must be from boss)
1000,K'ril Tsutsaroth,Obtain 4 collection log slots (dupes count)(shards must be from boss)
1000,K'ril Tsutsaroth,Obtain 4 collection log slots (dupes count)(shards must be from boss)
1900,K'ril Tsutsaroth,Obtain 3 Zamorakian Spears
1900,K'ril Tsutsaroth,Obtain 3 Zamorakian Spears
1900,K'ril Tsutsaroth,Obtain 3 Zamorakian Spears
625,K'ril Tsutsaroth,Obtain a Zamorakian Spear
625,K'ril Tsutsaroth,Obtain a Zamorakian Spear
625,K'ril Tsutsaroth,Obtain a Zamorakian Spear
625,K'ril Tsutsaroth,Obtain a Zamorakian Spear
625,K'ril Tsutsaroth,Obtain a Zamorakian Spear
625,K'ril Tsutsaroth,Obtain a Zamorakian Spear
625,K'ril Tsutsaroth,Obtain a Zamorakian Spear
625,K'ril Tsutsaroth,Obtain a Zamorakian Spear
625,K'ril Tsutsaroth,Obtain a Zamorakian Spear
4000,Miscellaneous,Catch a Big Shark
4000,Miscellaneous,Catch a Big Shark
4000,Miscellaneous,Catch a Big Shark
4000,Miscellaneous,Catch a Big Shark
3500,Miscellaneous,Obtain a Ring of Endurance
250,Miscellaneous,Complete Hallowed Sepulchre in less than 5:40
250,Miscellaneous,Complete Hallowed Sepulchre in less than 5:40
200,Miscellaneous,Complete Hallowed Sepulchre in less than 5:50
200,Miscellaneous,Complete Hallowed Sepulchre in less than 5:50
200,Miscellaneous,Complete Hallowed Sepulchre in less than 5:50
200,Miscellaneous,Complete Hallowed Sepulchre in less than 5:50
200,Miscellaneous,Complete Hallowed Sepulchre in less than 5:50
150,Miscellaneous,Have 2 unique team member complete Hallowed Sepulchre in less than 6:30
150,Miscellaneous,Have 2 unique team member complete Hallowed Sepulchre in less than 6:30
150,Miscellaneous,Have 2 unique team member complete Hallowed Sepulchre in less than 6:30
120,Miscellaneous,Have 3 unique team member complete Hallowed Sepulchre in less than 7:00
120,Miscellaneous,Have 3 unique team member complete Hallowed Sepulchre in less than 7:00
120,Miscellaneous,Have 3 unique team member complete Hallowed Sepulchre in less than 7:00
150,Miscellaneous,Have a team member complete Hallowed Sepulchre in less than 6:00
150,Miscellaneous,Have a team member complete Hallowed Sepulchre in less than 6:00
150,Miscellaneous,Have a team member complete Hallowed Sepulchre in less than 6:00
1300,Miscellaneous,Obtain a Tormented Synapse
1300,Miscellaneous,Obtain a Tormented Synapse
1300,Miscellaneous,Obtain a Tormented Synapse
1300,Miscellaneous,Obtain a Tormented Synapse
1300,Miscellaneous,Obtain a Tormented Synapse
1300,Miscellaneous,Obtain a Tormented Synapse
1300,Miscellaneous,Obtain a Tormented Synapse
1300,Miscellaneous,Obtain a Tormented Synapse
1300,Miscellaneous,Obtain a Tormented Synapse
2300,Miscellaneous,Obtain Dragon Limbs
2300,Miscellaneous,Obtain Dragon Limbs
2000,Miscellaneous,Obtain a Jar
2000,Miscellaneous,Obtain a Jar
2000,Miscellaneous,Obtain a Jar
200,Miscellaneous,"Mid-Level Sanity: Have 5 different players from your team kill one of the following bosses while obtaining their speed trial time (GM): Hydra, GGs, Phosani, Vorkath, and Zulrah."
200,Miscellaneous,"Mid-Level Sanity: Have 5 different players from your team kill one of the following bosses while obtaining their speed trial time (GM): Hydra, GGs, Phosani, Vorkath, and Zulrah."
200,Miscellaneous,"Mid-Level Sanity: Have 5 different players from your team kill one of the following bosses while obtaining their speed trial time (GM): Hydra, GGs, Phosani, Vorkath, and Zulrah."
200,Miscellaneous,"Mid-Level Sanity: Have 5 different players from your team kill one of the following bosses while obtaining their speed trial time (GM): Hydra, GGs, Phosani, Vorkath, and Zulrah."
200,Miscellaneous,"Mid-Level Sanity: Have 5 different players from your team kill one of the following bosses while obtaining their speed trial time (GM): Hydra, GGs, Phosani, Vorkath, and Zulrah."
200,Miscellaneous,"Mid-Level Sanity: Have 5 different players from your team kill one of the following bosses while obtaining their speed trial time (GM): Hydra, GGs, Phosani, Vorkath, and Zulrah."
200,Miscellaneous,"Mid-Level Sanity: Have 5 different players from your team kill one of the following bosses while obtaining their speed trial time (GM): Hydra, GGs, Phosani, Vorkath, and Zulrah."
200,Miscellaneous,"Mid-Level Sanity: Have 5 different players from your team kill one of the following bosses while obtaining their speed trial time (GM): Hydra, GGs, Phosani, Vorkath, and Zulrah."
200,Miscellaneous,"Mid-Level Sanity: Have 5 different players from your team kill one of the following bosses while obtaining their speed trial time (GM): Hydra, GGs, Phosani, Vorkath, and Zulrah."
200,Miscellaneous,"Mid-Level Sanity: Have 5 different players from your team kill one of the following bosses while obtaining their speed trial time (GM): Hydra, GGs, Phosani, Vorkath, and Zulrah."
200,Miscellaneous,"Mid-Level Sanity: Have 5 different players from your team kill one of the following bosses while obtaining their speed trial time (GM): Hydra, GGs, Phosani, Vorkath, and Zulrah."
200,Miscellaneous,"Mid-Level Sanity: Have 5 different players from your team kill one of the following bosses while obtaining their speed trial time (GM): Hydra, GGs, Phosani, Vorkath, and Zulrah."
200,Miscellaneous,"Mid-Level Sanity: Have 5 different players from your team kill one of the following bosses while obtaining their speed trial time (GM): Hydra, GGs, Phosani, Vorkath, and Zulrah."
200,Miscellaneous,"Mid-Level Sanity: Have 5 different players from your team kill one of the following bosses while obtaining their speed trial time (GM): Hydra, GGs, Phosani, Vorkath, and Zulrah."
650,Miscellaneous,Obtain a Zenyte Shard
650,Miscellaneous,Obtain a Zenyte Shard
650,Miscellaneous,Obtain a Zenyte Shard
100,Miscellaneous,Obtain a Crystal Grail
100,Miscellaneous,Obtain a Crystal Grail
100,Miscellaneous,Obtain a Crystal Grail
100,Miscellaneous,Obtain a Crystal Grail
100,Miscellaneous,Obtain a Crystal Grail
100,Miscellaneous,Obtain a Crystal Grail
100,Miscellaneous,Obtain a Crystal Grail
100,Miscellaneous,Obtain a Crystal Grail
650,Miscellaneous,Obtain a Zombie Axe
650,Miscellaneous,Obtain a Zombie Axe
650,Miscellaneous,Obtain a Zombie Axe
650,Miscellaneous,Obtain a Zombie Axe
650,Miscellaneous,Obtain a Zombie Axe
750,Moons of Peril,Obtain 3 moons items (dupes count)
750,Moons of Peril,Obtain 3 moons items (dupes count)
750,Moons of Peril,Obtain 3 moons items (dupes count)
750,Moons of Peril,Obtain 3 moons items (dupes count)
750,Moons of Peril,Obtain 3 moons items (dupes count)
750,Moons of Peril,Obtain 3 moons items (dupes count)
1300,Moons of Peril,Obtain 5 moons items (dupes count)
1300,Moons of Peril,Obtain 5 moons items (dupes count)
1300,Moons of Peril,Obtain 5 moons items (dupes count)
2100,Moons of Peril,Obtain 8 moons items (dupes count)
2100,Moons of Peril,Obtain 8 moons items (dupes count)
2600,Moons of Peril,Obtain 10 moons items (dupes count)
2600,Moons of Peril,Obtain 10 moons items (dupes count)
2600,Moons of Peril,Obtain 10 moons items (dupes count)
500,Moons of Peril,Obtain 2 moons items (dupes count)
500,Moons of Peril,Obtain 2 moons items (dupes count)
500,Moons of Peril,Obtain 2 moons items (dupes count)
500,Moons of Peril,Obtain 2 moons items (dupes count)
500,Moons of Peril,Obtain 2 moons items (dupes count)
500,Moons of Peril,Obtain 2 moons items (dupes count)
500,Moons of Peril,Obtain 2 moons items (dupes count)
500,Moons of Peril,Obtain 2 moons items (dupes count)
500,Moons of Peril,Obtain 2 moons items (dupes count)
500,Moons of Peril,Obtain 2 moons items (dupes count)
500,Moons of Peril,Obtain 2 moons items (dupes count)
500,Moons of Peril,Obtain 2 moons items (dupes count)
500,Moons of Peril,Obtain 2 moons items (dupes count)
1200,Nex,Obtain 1 collection log slot (Nihil Shard does not count)
1200,Nex,Obtain 1 collection log slot (Nihil Shard does not count)
2500,Nex,Obtain 2 collection log slots (dupes count)(Nihil Shard does not count)
2700,Nex,Obtain a piece of Torva
2700,Nex,Obtain a piece of Torva
5200,Nex,Obtain Zaryte Vambraces
5200,Nex,Obtain Zaryte Vambraces
2850,Phantom Muspah,Create a Venator Bow
2850,Phantom Muspah,Create a Venator Bow
275,Phantom Muspah,Obtain an Ancient Icon
275,Phantom Muspah,Obtain an Ancient Icon
275,Phantom Muspah,Obtain an Ancient Icon
275,Phantom Muspah,Obtain an Ancient Icon
1625,Phantom Muspah,Obtain 3x Venator Shards
1625,Phantom Muspah,Obtain 3x Venator Shards
1625,Phantom Muspah,Obtain 3x Venator Shards
1625,Phantom Muspah,Obtain 3x Venator Shards
1625,Phantom Muspah,Obtain 3x Venator Shards
1625,Phantom Muspah,Obtain 3x Venator Shards
1625,Phantom Muspah,Obtain 3x Venator Shards
600,Phantom Muspah,"Obtain a Frozen Cache, Ancient Icon, and Venator Shard"
600,Phantom Muspah,"Obtain a Frozen Cache, Ancient Icon, and Venator Shard"
600,Phantom Muspah,"Obtain a Frozen Cache, Ancient Icon, and Venator Shard"
600,Phantom Muspah,"Obtain a Frozen Cache, Ancient Icon, and Venator Shard"
600,Phantom Muspah,"Obtain a Frozen Cache, Ancient Icon, and Venator Shard"
600,Phantom Muspah,"Obtain a Frozen Cache, Ancient Icon, and Venator Shard"
600,Phantom Muspah,"Obtain a Frozen Cache, Ancient Icon, and Venator Shard"
600,Phantom Muspah,"Obtain a Frozen Cache, Ancient Icon, and Venator Shard"
550,Phantom Muspah,Obtain 1x Venator Shards
550,Phantom Muspah,Obtain 1x Venator Shards
550,Phantom Muspah,Obtain 1x Venator Shards
550,Phantom Muspah,Obtain 1x Venator Shards
550,Phantom Muspah,Obtain 1x Venator Shards
550,Phantom Muspah,Obtain 1x Venator Shards
550,Phantom Muspah,Obtain 1x Venator Shards
550,Phantom Muspah,Obtain 1x Venator Shards
550,Phantom Muspah,Obtain 1x Venator Shards
550,Phantom Muspah,Obtain 1x Venator Shards
2000,Revenants,Obtain 3 Ancient Statuettes
2000,Revenants,Obtain 3 Ancient Statuettes
1350,Revenants,Obtain 2 Ancient Statuettes
1350,Revenants,Obtain 2 Ancient Statuettes
1350,Revenants,Obtain 2 Ancient Statuettes
1350,Revenants,Obtain 2 Ancient Statuettes
600,Revenants,Obtain any Ancient Statuette
600,Revenants,Obtain any Ancient Statuette
600,Revenants,Obtain any Ancient Statuette
600,Revenants,Obtain any Ancient Statuette
600,Revenants,Obtain any Ancient Statuette
600,Revenants,Obtain any Ancient Statuette
2150,Revenants,Obtain 2 Revenant Weapons (doesn't have to be unique and avarice does not count)
2150,Revenants,Obtain 2 Revenant Weapons (doesn't have to be unique and avarice does not count)
2150,Revenants,Obtain 2 Revenant Weapons (doesn't have to be unique and avarice does not count)
900,Revenants,Obtain any Revenant Weapon (avarice counts)
900,Revenants,Obtain any Revenant Weapon (avarice counts)
900,Revenants,Obtain any Revenant Weapon (avarice counts)
900,Revenants,Obtain any Revenant Weapon (avarice counts)
900,Revenants,Obtain any Revenant Weapon (avarice counts)
900,Revenants,Obtain any Revenant Weapon (avarice counts)
900,Revenants,Obtain any Revenant Weapon (avarice counts)
900,Revenants,Obtain any Revenant Weapon (avarice counts)
230,Sarachnis,Obtain 5 Giant Egg Sacs (full)
230,Sarachnis,Obtain 5 Giant Egg Sacs (full)
230,Sarachnis,Obtain 5 Giant Egg Sacs (full)
230,Sarachnis,Obtain 5 Giant Egg Sacs (full)
230,Sarachnis,Obtain 5 Giant Egg Sacs (full)
900,Sarachnis,Obtain a Sarachnis Cudgel
900,Sarachnis,Obtain a Sarachnis Cudgel
900,Sarachnis,Obtain a Sarachnis Cudgel
60,Scurrius,Obtain a Scurrius Spine
60,Scurrius,Obtain a Scurrius Spine
60,Scurrius,Obtain a Scurrius Spine
60,Scurrius,Obtain a Scurrius Spine
60,Scurrius,Obtain a Scurrius Spine
60,Scurrius,Obtain a Scurrius Spine
300,Scurrius,Obtain 5 Scurrius Spines
300,Scurrius,Obtain 5 Scurrius Spines
300,Scurrius,Obtain 5 Scurrius Spines
730,Scurrius,Obtain 10 Scurrius Spines
125,Scurrius,Obtain 2 Scurrius Spines
125,Scurrius,Obtain 2 Scurrius Spines
7400,The Gauntlet,"Obtain 1 Enhanced, 1 Armor, and 1 Weapon Seed or obtain 10 Armor Seeds"
7400,The Gauntlet,"Obtain 1 Enhanced, 1 Armor, and 1 Weapon Seed or obtain 10 Armor Seeds"
1100,The Gauntlet,Obtain any combination of 3 seeds
1100,The Gauntlet,Obtain any combination of 3 seeds
1100,The Gauntlet,Obtain any combination of 3 seeds
1100,The Gauntlet,Obtain any combination of 3 seeds
1100,The Gauntlet,Obtain any combination of 3 seeds
1100,The Gauntlet,Obtain any combination of 3 seeds
1100,The Gauntlet,Obtain any combination of 3 seeds
1100,The Gauntlet,Obtain any combination of 3 seeds
1100,The Gauntlet,Obtain any combination of 3 seeds
1100,The Gauntlet,Obtain any combination of 3 seeds
1100,The Gauntlet,Obtain any combination of 3 seeds
1825,The Gauntlet,Obtain any combination of 5 seeds
1825,The Gauntlet,Obtain any combination of 5 seeds
1825,The Gauntlet,Obtain any combination of 5 seeds
1825,The Gauntlet,Obtain any combination of 5 seeds
330,The Gauntlet,Obtain any seed
330,The Gauntlet,Obtain any seed
330,The Gauntlet,Obtain any seed
330,The Gauntlet,Obtain any seed
330,The Gauntlet,Obtain any seed
330,The Gauntlet,Obtain any seed
330,The Gauntlet,Obtain any seed
330,The Gauntlet,Obtain any seed
330,The Gauntlet,Obtain any seed
330,The Gauntlet,Obtain any seed
330,The Gauntlet,Obtain any seed
330,The Gauntlet,Obtain any seed
300,The Gauntlet,2 different people complete the Corrupted Gauntlet in less than 6:00
300,The Gauntlet,2 different people complete the Corrupted Gauntlet in less than 6:00
175,The Gauntlet,4 people comple the Corrupted Gauntlet in less than 7:15
175,The Gauntlet,4 people comple the Corrupted Gauntlet in less than 7:15
2800,The Gauntlet,Obtain 3 Armor seeds
2800,The Gauntlet,Obtain 3 Armor seeds
2800,The Gauntlet,Obtain 3 Armor seeds
2800,The Gauntlet,Obtain 3 Armor seeds
175,The Gauntlet,3 different people complete the CA: Egniol Diet II
175,The Gauntlet,3 different people complete the CA: Egniol Diet II
175,The Gauntlet,3 different people complete the CA: Egniol Diet II
175,The Gauntlet,3 different people complete the CA: Egniol Diet II
175,The Gauntlet,3 different people complete the CA: Egniol Diet II
200,The Gauntlet,3 different people complete the CA: Corrupted Warrior
200,The Gauntlet,3 different people complete the CA: Corrupted Warrior
200,The Gauntlet,3 different people complete the CA: Corrupted Warrior
200,The Gauntlet,3 different people complete the CA: Corrupted Warrior
200,The Gauntlet,3 different people complete the CA: Corrupted Warrior
200,The Gauntlet,3 different people complete the CA: Corrupted Warrior
200,The Gauntlet,3 different people complete the CA: Corrupted Warrior
200,The Gauntlet,3 different people complete the CA: Corrupted Warrior
200,The Gauntlet,3 different people complete the CA: Corrupted Warrior
1900,The Gauntlet,Obtain 2 Weapons seeds and 2 Armor seeds
1900,The Gauntlet,Obtain 2 Weapons seeds and 2 Armor seeds
1900,The Gauntlet,Obtain 2 Weapons seeds and 2 Armor seeds
1900,The Gauntlet,Obtain 2 Weapons seeds and 2 Armor seeds
1900,The Gauntlet,Obtain 2 Weapons seeds and 2 Armor seeds
900,The Inferno,Complete the Inferno in less than 56:00
300,The Inferno,Complete the Inferno in less than 60:00
300,The Inferno,Complete the Inferno in less than 60:00
550,The Inferno,3 different people complete the Inferno
550,The Inferno,3 different people complete the Inferno
550,The Inferno,3 different people complete the Inferno
550,The Inferno,3 different people complete the Inferno
550,The Inferno,3 different people complete the Inferno
1350,The Inferno,One person completes the CA: Wasn't Even Close
1350,The Inferno,One person completes the CA: Wasn't Even Close
1350,The Inferno,One person completes the CA: Wasn't Even Close
1350,The Inferno,One person completes the CA: Wasn't Even Close
250,The Inferno,One person completes the Inferno with only Mage Equipment/Weapons (screenshot inventory/gear once between waves 50-Zuk and again after the kc)
250,The Inferno,One person completes the Inferno with only Mage Equipment/Weapons (screenshot inventory/gear once between waves 50-Zuk and again after the kc)
666,The Inferno,3 different people complete the Inferno in less than 70:00
666,The Inferno,3 different people complete the Inferno in less than 70:00
666,The Inferno,3 different people complete the Inferno in less than 70:00
222,The Inferno,One person who does not have an Inferno KC (on any account) completes the CA: Half-Way There
222,The Inferno,One person who does not have an Inferno KC (on any account) completes the CA: Half-Way There
222,The Inferno,One person who does not have an Inferno KC (on any account) completes the CA: Half-Way There
222,The Inferno,One person who does not have an Inferno KC (on any account) completes the CA: Half-Way There
222,The Inferno,One person who does not have an Inferno KC (on any account) completes the CA: Half-Way There
4125,The Nightmare,Obtain a piece of the Inquisitor Armor set
4125,The Nightmare,Obtain a piece of the Inquisitor Armor set
4125,The Nightmare,Obtain a piece of the Inquisitor Armor set
12650,The Nightmare,Obtain an Orb or 3 Nightmare Staffs
2000,The Nightmare,Obtain 1 collection log slot (tablet does not count)
2000,The Nightmare,Obtain 1 collection log slot (tablet does not count)
2000,The Nightmare,Obtain 1 collection log slot (tablet does not count)
2000,The Nightmare,Obtain 1 collection log slot (tablet does not count)
4000,The Nightmare,Obtain 2 collection log slots (dupes count)(tablet does not count)
4000,The Nightmare,Obtain 2 collection log slots (dupes count)(tablet does not count)
4000,The Nightmare,Obtain 2 collection log slots (dupes count)(tablet does not count)
700,The Nightmare,4 different people complete the CA: Perfect Phosani's Nightmare
700,The Nightmare,4 different people complete the CA: Perfect Phosani's Nightmare
700,The Nightmare,4 different people complete the CA: Perfect Phosani's Nightmare
525,The Nightmare,3 different people complete the CA: Perfect Phosani's Nightmare
525,The Nightmare,3 different people complete the CA: Perfect Phosani's Nightmare
525,The Nightmare,3 different people complete the CA: Perfect Phosani's Nightmare
525,The Nightmare,3 different people complete the CA: Perfect Phosani's Nightmare
250,The Nightmare,2 different people kill Phosani in less than 5:45
250,The Nightmare,2 different people kill Phosani in less than 5:45
250,The Nightmare,2 different people kill Phosani in less than 5:45
250,The Nightmare,2 different people kill Phosani in less than 5:45
8888,The Nightmare,Obtain a Nightmare Staff or Inquisitor's Mace
8888,The Nightmare,Obtain a Nightmare Staff or Inquisitor's Mace
455,Thermy,Obtain an Occult Necklace
455,Thermy,Obtain an Occult Necklace
130,Thermy,Obtain an Ancient Staff or Smoke Battlestaff
130,Thermy,Obtain an Ancient Staff or Smoke Battlestaff
130,Thermy,Obtain an Ancient Staff or Smoke Battlestaff
130,Thermy,Obtain an Ancient Staff or Smoke Battlestaff
3300,TOA,Obtain a piece of the Masori set
3300,TOA,Obtain a piece of the Masori set
3300,TOA,Obtain a piece of the Masori set
2275,TOA,Obtain a Lightbearer
2275,TOA,Obtain a Lightbearer
2275,TOA,Obtain a Lightbearer
2275,TOA,Obtain a Lightbearer
2275,TOA,Obtain a Osmumten's Fang
2275,TOA,Obtain a Osmumten's Fang
2275,TOA,Obtain a Osmumten's Fang
2275,TOA,Obtain a Osmumten's Fang
2275,TOA,Obtain a Osmumten's Fang
2275,TOA,Obtain a Osmumten's Fang
1200,TOA,Obtain a Lightbearer and Osmumten's Fang
1200,TOA,Obtain a Lightbearer and Osmumten's Fang
1200,TOA,Obtain a Lightbearer and Osmumten's Fang
17000,TOA,Obtain Tumeken's Shadow or every other purple at TOA
1900,TOA,Obtain 3 purples
1900,TOA,Obtain 3 purples
1900,TOA,Obtain 3 purples
1900,TOA,Obtain 3 purples
1265,TOA,Obtain 2 purples
1265,TOA,Obtain 2 purples
1265,TOA,Obtain 2 purples
1265,TOA,Obtain 2 purples
3250,TOA,Obtain 5 purples
3250,TOA,Obtain 5 purples
600,TOA,Complete a 500 or greater in a duo or trio
600,TOA,Complete a 500 or greater in a duo or trio
600,TOA,Complete a 500 or greater in a duo or trio
900,TOA,Complete the CA: Insanity
550,TOA,Obtain a purple from Tombs of Amascut
550,TOA,Obtain a purple from Tombs of Amascut
550,TOA,Obtain a purple from Tombs of Amascut
550,TOA,Obtain a purple from Tombs of Amascut
550,TOA,Obtain a purple from Tombs of Amascut
800,TOB,"Let Me Give You Aids: Complete a HMT, in time, with everyone on the team using a Whip or Blade of Saeldor for their main melee weapon (No shadows allowed. Any team size and every participant must submit SS in the chest room showing gear/inventory in same picture)."
800,TOB,"Let Me Give You Aids: Complete a HMT, in time, with everyone on the team using a Whip or Blade of Saeldor for their main melee weapon (No shadows allowed. Any team size and every participant must submit SS in the chest room showing gear/inventory in same picture)."
800,TOB,"Let Me Give You Aids: Complete a HMT, in time, with everyone on the team using a Whip or Blade of Saeldor for their main melee weapon (No shadows allowed. Any team size and every participant must submit SS in the chest room showing gear/inventory in same picture)."
800,TOB,"Let Me Give You Aids: Complete a HMT, in time, with everyone on the team using a Whip or Blade of Saeldor for their main melee weapon (No shadows allowed. Any team size and every participant must submit SS in the chest room showing gear/inventory in same picture)."
800,TOB,"Let Me Give You Aids: Complete a HMT, in time, with everyone on the team using a Whip or Blade of Saeldor for their main melee weapon (No shadows allowed. Any team size and every participant must submit SS in the chest room showing gear/inventory in same picture)."
800,TOB,"Let Me Give You Aids: Complete a HMT, in time, with everyone on the team using a Whip or Blade of Saeldor for their main melee weapon (No shadows allowed. Any team size and every participant must submit SS in the chest room showing gear/inventory in same picture)."
800,TOB,"Let Me Give You Aids: Complete a HMT, in time, with everyone on the team using a Whip or Blade of Saeldor for their main melee weapon (No shadows allowed. Any team size and every participant must submit SS in the chest room showing gear/inventory in same picture)."
3900,TOB,Obtain a piece of Justiciar Armor
3900,TOB,Obtain a piece of Justiciar Armor
3900,TOB,Obtain a piece of Justiciar Armor
3900,TOB,Obtain a piece of Justiciar Armor
3900,TOB,Obtain a piece of Justiciar Armor
3900,TOB,Obtain a piece of Justiciar Armor
3900,TOB,Obtain a piece of Justiciar Armor
4900,TOB,Obtain a Weapon from TOB (Avernic does not count)
4900,TOB,Obtain a Weapon from TOB (Avernic does not count)
4900,TOB,Obtain a Weapon from TOB (Avernic does not count)
4900,TOB,Obtain a Weapon from TOB (Avernic does not count)
2900,TOB,Obtain an Avernic
2900,TOB,Obtain an Avernic
2900,TOB,Obtain an Avernic
2900,TOB,Obtain an Avernic
2900,TOB,Obtain an Avernic
2900,TOB,Obtain an Avernic
2900,TOB,Obtain an Avernic
2900,TOB,Obtain an Avernic
2900,TOB,Obtain an Avernic
2900,TOB,Obtain an Avernic
2900,TOB,Obtain an Avernic
2900,TOB,Obtain an Avernic
2900,TOB,Obtain an Avernic
2700,TOB,Obtain a Kit or Dust from HMT
2700,TOB,Obtain a Kit or Dust from HMT
2700,TOB,Obtain a Kit or Dust from HMT
2075,TOB,Complete the CA: Perfect Theatre
1241,TOB,Obtain a purple from Theatre of Blood
1241,TOB,Obtain a purple from Theatre of Blood
1241,TOB,Obtain a purple from Theatre of Blood
1241,TOB,Obtain a purple from Theatre of Blood
1241,TOB,Obtain a purple from Theatre of Blood
1241,TOB,Obtain a purple from Theatre of Blood
1241,TOB,Obtain a purple from Theatre of Blood
1241,TOB,Obtain a purple from Theatre of Blood
1241,TOB,Obtain a purple from Theatre of Blood
1241,TOB,Obtain a purple from Theatre of Blood
1241,TOB,Obtain a purple from Theatre of Blood
1241,TOB,Obtain a purple from Theatre of Blood
1241,TOB,Obtain a purple from Theatre of Blood
1241,TOB,Obtain a purple from Theatre of Blood
1241,TOB,Obtain a purple from Theatre of Blood
1241,TOB,Obtain a purple from Theatre of Blood
1241,TOB,Obtain a purple from Theatre of Blood
1241,TOB,Obtain a purple from Theatre of Blood
1241,TOB,Obtain a purple from Theatre of Blood
2500,TOB,Obtain two purples from Theatre of Blood
2500,TOB,Obtain two purples from Theatre of Blood
2500,TOB,Obtain two purples from Theatre of Blood
2500,TOB,Obtain two purples from Theatre of Blood
2500,TOB,Obtain two purples from Theatre of Blood
2500,TOB,Obtain two purples from Theatre of Blood
2500,TOB,Obtain two purples from Theatre of Blood
2500,TOB,Obtain two purples from Theatre of Blood
2500,TOB,Obtain two purples from Theatre of Blood
2500,TOB,Obtain two purples from Theatre of Blood
2500,TOB,Obtain two purples from Theatre of Blood
300,TOB,Complete a duo TOB
300,TOB,Complete a duo TOB
300,TOB,Complete a duo TOB
425,TOB,Complete a duo TOB in less than 25:00
425,TOB,Complete a duo TOB in less than 25:00
580,TOB,Complete a duo TOB in less than 23:30
580,TOB,Complete a duo TOB in less than 23:30
425,TOB,Complete a trio TOB in less than 17:00
425,TOB,Complete a trio TOB in less than 17:00
325,TOB,Complete a trio TOB in less than 18:00
325,TOB,Complete a trio TOB in less than 18:00
325,TOB,Complete a trio TOB in less than 18:00
200,TOB,Complete a trio TOB in less than 19:00
555,TOB,Complete a 4-scale TOB in less than 15:30
555,TOB,Complete a 4-scale TOB in less than 15:30
300,TOB,Complete a 5-scale TOB in less than 15:30
555,TOB,Complete a 5-scale TOB in less than 14:45
750,TOB,Complete a 5-scale TOB in less than 14:00
550,TOB,"Complete the CA: Morytania Only (if teammates do not have a barrows item they can bring in, they can use a Dragon Scim as their ONLY weapon and screenshots of everyones gear must be taken at the end)"
550,TOB,"Complete the CA: Morytania Only (if teammates do not have a barrows item they can bring in, they can use a Dragon Scim as their ONLY weapon and screenshots of everyones gear must be taken at the end)"
550,TOB,"Complete the CA: Morytania Only (if teammates do not have a barrows item they can bring in, they can use a Dragon Scim as their ONLY weapon and screenshots of everyones gear must be taken at the end)"
550,TOB,"Complete the CA: Morytania Only (if teammates do not have a barrows item they can bring in, they can use a Dragon Scim as their ONLY weapon and screenshots of everyones gear must be taken at the end)"
550,TOB,"Complete the CA: Morytania Only (if teammates do not have a barrows item they can bring in, they can use a Dragon Scim as their ONLY weapon and screenshots of everyones gear must be taken at the end)"
550,TOB,"Complete the CA: Morytania Only (if teammates do not have a barrows item they can bring in, they can use a Dragon Scim as their ONLY weapon and screenshots of everyones gear must be taken at the end)"
900,TOB,Complete the CA: Pack Like a Yak
900,TOB,Complete the CA: Pack Like a Yak
900,TOB,Complete the CA: Pack Like a Yak
900,TOB,Complete the CA: Pack Like a Yak
900,TOB,Complete the CA: Pack Like a Yak
1600,TOB,"Complete the CA's: HM1, HM2, and HM3"
1600,TOB,"Complete the CA's: HM1, HM2, and HM3"
700,TOB,Complete a 4-scale HMT in less than 20:00 overall time
550,TOB,Complete a 4-scale HMT in less than 21:00 overall time
550,TOB,Complete a 4-scale HMT in less than 21:00 overall time
250,TOB,Complete a 4-scale HMT in less than 22:00 overall time
250,TOB,Complete a 4-scale HMT in less than 22:00 overall time
300,TOB,Complete a 3-scale HMT in less than 23:00 overall time
300,TOB,Complete a 3-scale HMT in less than 23:00 overall time
300,TOB,Complete a 3-scale HMT in less than 23:00 overall time
450,TOB,Complete a 3-scale HMT in less than 22:30 overall time
1610,Venenatis/Spindel,Obtain the Fangs of Venenatis
1610,Venenatis/Spindel,Obtain the Fangs of Venenatis
1610,Venenatis/Spindel,Obtain the Fangs of Venenatis
2375,Venenatis/Spindel,Obtain a Voidwaker Gem
2375,Venenatis/Spindel,Obtain a Voidwaker Gem
2375,Venenatis/Spindel,Obtain a Voidwaker Gem
2375,Venenatis/Spindel,Obtain a Voidwaker Gem
1050,Venenatis/Spindel,Obtain 5 collection log slots from Venenatis (dupes count)
1050,Venenatis/Spindel,Obtain 5 collection log slots from Venenatis (dupes count)
1050,Venenatis/Spindel,Obtain 5 collection log slots from Venenatis (dupes count)
1050,Venenatis/Spindel,Obtain 5 collection log slots from Venenatis (dupes count)
930,Venenatis/Spindel,Obtain a Dragon Pickaxe
930,Venenatis/Spindel,Obtain a Dragon Pickaxe
930,Venenatis/Spindel,Obtain a Dragon Pickaxe
930,Venenatis/Spindel,Obtain a Dragon Pickaxe
930,Venenatis/Spindel,Obtain a Dragon Pickaxe
1875,Venenatis/Spindel,Obtain a Treasonous Ring
1875,Venenatis/Spindel,Obtain a Treasonous Ring
630,Venenatis/Spindel,Obtain 3 collection log slots from Venenatis (dupes count)
630,Venenatis/Spindel,Obtain 3 collection log slots from Venenatis (dupes count)
630,Venenatis/Spindel,Obtain 3 collection log slots from Venenatis (dupes count)
630,Venenatis/Spindel,Obtain 3 collection log slots from Venenatis (dupes count)
630,Venenatis/Spindel,Obtain 3 collection log slots from Venenatis (dupes count)
1785,Vetion/Calvarion,Obtain the Skull of Vetion
1785,Vetion/Calvarion,Obtain the Skull of Vetion
2635,Vetion/Calvarion,Obtain a Voidwaker Blade
2635,Vetion/Calvarion,Obtain a Voidwaker Blade
2635,Vetion/Calvarion,Obtain a Voidwaker Blade
1150,Vetion/Calvarion,Obtain 5 collection log slots from Vetion (dupes count)
1150,Vetion/Calvarion,Obtain 5 collection log slots from Vetion (dupes count)
1150,Vetion/Calvarion,Obtain 5 collection log slots from Vetion (dupes count)
1035,Vetion/Calvarion,Obtain a Dragon Pickaxe
1035,Vetion/Calvarion,Obtain a Dragon Pickaxe
1035,Vetion/Calvarion,Obtain a Dragon Pickaxe
1035,Vetion/Calvarion,Obtain a Dragon Pickaxe
1035,Vetion/Calvarion,Obtain a Dragon Pickaxe
2075,Vetion/Calvarion,Obtain a Ring of the Gods
2075,Vetion/Calvarion,Obtain a Ring of the Gods
700,Vetion/Calvarion,Obtain 3 collection log slots from Vetion (dupes count)
700,Vetion/Calvarion,Obtain 3 collection log slots from Vetion (dupes count)
700,Vetion/Calvarion,Obtain 3 collection log slots from Vetion (dupes count)
700,Vetion/Calvarion,Obtain 3 collection log slots from Vetion (dupes count)
700,Vetion/Calvarion,Obtain 3 collection log slots from Vetion (dupes count)
2000,Vorkath,Obtain a collection log slot (Vorkath's Head does not count)
2000,Vorkath,Obtain a collection log slot (Vorkath's Head does not count)
135,Vorkath,3 different people complete the CA: The Fremmennik Way
135,Vorkath,3 different people complete the CA: The Fremmennik Way
80,Vorkath,2 different people complete the CA: The Fremmennik Way
80,Vorkath,2 different people complete the CA: The Fremmennik Way
80,Vorkath,2 different people complete the CA: The Fremmennik Way
235,Vorkath,"Obtain a Scaly Blue Dragonhide, Vorkath's Head, and a Wrath Talisman"
235,Vorkath,"Obtain a Scaly Blue Dragonhide, Vorkath's Head, and a Wrath Talisman"
235,Vorkath,"Obtain a Scaly Blue Dragonhide, Vorkath's Head, and a Wrath Talisman"
235,Vorkath,"Obtain a Scaly Blue Dragonhide, Vorkath's Head, and a Wrath Talisman"
600,Vorkath,Obtain 3 Vorakth's Head
600,Vorkath,Obtain 3 Vorakth's Head
600,Vorkath,Obtain 3 Vorakth's Head
600,Vorkath,Obtain 3 Vorakth's Head
1277,Yama,Obtain a piece of Oathplate Armor
1277,Yama,Obtain a piece of Oathplate Armor
1277,Yama,Obtain a piece of Oathplate Armor
1277,Yama,Obtain a piece of Oathplate Armor
1277,Yama,Obtain a piece of Oathplate Armor
2400,Yama,Obtain a Soulflame Horn
2400,Yama,Obtain a Soulflame Horn
2400,Yama,Obtain a Soulflame Horn
2400,Yama,Obtain a Soulflame Horn
5000,Yama,Obtain the full set of Oathplate Armor
5000,Yama,Obtain the full set of Oathplate Armor
333,Zulrah,"Obtain only 1 of the following: Tanzanite Fang, Magic Fang, Serpentine Visage, or Uncut Onyx"
333,Zulrah,"Obtain only 1 of the following: Tanzanite Fang, Magic Fang, Serpentine Visage, or Uncut Onyx"
333,Zulrah,"Obtain only 1 of the following: Tanzanite Fang, Magic Fang, Serpentine Visage, or Uncut Onyx"
333,Zulrah,"Obtain only 1 of the following: Tanzanite Fang, Magic Fang, Serpentine Visage, or Uncut Onyx"
333,Zulrah,"Obtain only 1 of the following: Tanzanite Fang, Magic Fang, Serpentine Visage, or Uncut Onyx"
333,Zulrah,"Obtain only 1 of the following: Tanzanite Fang, Magic Fang, Serpentine Visage, or Uncut Onyx"
333,Zulrah,"Obtain only 1 of the following: Tanzanite Fang, Magic Fang, Serpentine Visage, or Uncut Onyx"
333,Zulrah,"Obtain only 1 of the following: Tanzanite Fang, Magic Fang, Serpentine Visage, or Uncut Onyx"
1800,Zulrah,"Obtain a Tanzanite Fang, Magic Fang, and Serpentine Visage"
1800,Zulrah,"Obtain a Tanzanite Fang, Magic Fang, and Serpentine Visage"
1800,Zulrah,"Obtain a Tanzanite Fang, Magic Fang, and Serpentine Visage"
1800,Zulrah,"Obtain a Tanzanite Fang, Magic Fang, and Serpentine Visage"
1800,Zulrah,"Obtain a Tanzanite Fang, Magic Fang, and Serpentine Visage"
1800,Zulrah,"Obtain a Tanzanite Fang, Magic Fang, and Serpentine Visage"
1800,Zulrah,"Obtain a Tanzanite Fang, Magic Fang, and Serpentine Visage"
1800,Zulrah,"Obtain a Tanzanite Fang, Magic Fang, and Serpentine Visage"
1800,Zulrah,"Obtain a Tanzanite Fang, Magic Fang, and Serpentine Visage"
680,Zulrah,"Obtain 2 of the following: Tanzanite Fang, Magic Fang, Serpentine Visage, or Uncut Onyx (dupes count)"
680,Zulrah,"Obtain 2 of the following: Tanzanite Fang, Magic Fang, Serpentine Visage, or Uncut Onyx (dupes count)"
680,Zulrah,"Obtain 2 of the following: Tanzanite Fang, Magic Fang, Serpentine Visage, or Uncut Onyx (dupes count)"
680,Zulrah,"Obtain 2 of the following: Tanzanite Fang, Magic Fang, Serpentine Visage, or Uncut Onyx (dupes count)"
680,Zulrah,"Obtain 2 of the following: Tanzanite Fang, Magic Fang, Serpentine Visage, or Uncut Onyx (dupes count)"
680,Zulrah,"Obtain 2 of the following: Tanzanite Fang, Magic Fang, Serpentine Visage, or Uncut Onyx (dupes count)"
1025,Zulrah,"Obtain 3 of the following: Tanzanite Fang, Magic Fang, Serpentine Visage, or Uncut Onyx (dupes count)"
1025,Zulrah,"Obtain 3 of the following: Tanzanite Fang, Magic Fang, Serpentine Visage, or Uncut Onyx (dupes count)"
1025,Zulrah,"Obtain 3 of the following: Tanzanite Fang, Magic Fang, Serpentine Visage, or Uncut Onyx (dupes count)"
1025,Zulrah,"Obtain 3 of the following: Tanzanite Fang, Magic Fang, Serpentine Visage, or Uncut Onyx (dupes count)"
1750,Zulrah,"Obtain 5 of the following: Tanzanite Fang, Magic Fang, Serpentine Visage, or Uncut Onyx (dupes count)"
1750,Zulrah,"Obtain 5 of the following: Tanzanite Fang, Magic Fang, Serpentine Visage, or Uncut Onyx (dupes count)"
1750,Zulrah,"Obtain 5 of the following: Tanzanite Fang, Magic Fang, Serpentine Visage, or Uncut Onyx (dupes count)"
120,Zulrah,3 different people complete the CA: Perfect Zulrah
120,Zulrah,3 different people complete the CA: Perfect Zulrah
120,Zulrah,3 different people complete the CA: Perfect Zulrah
120,Zulrah,3 different people complete the CA: Perfect Zulrah
